id,generated
0000aaaa,0.25912565
1111bbbb,0.2599877
2222cccc,0.25856954
