id,generated
0000aaaa,0.5107013
1111bbbb,0.51065266
2222cccc,0.51118994
