id,generated
0000aaaa,0.99967945
1111bbbb,0.9996752
2222cccc,0.9996788
